Код сиквенса (S),Индекс,Код пациента (P),ФИО пациента,Протокол,Детали протокола,all_count_of_reads,reported_pairs%of_total,mult%of_total,unmap_one%of_total,unmap_both%of_total,duplicates%of_reported,count_of_hic_interactions,hic_interactions%of_total,de%of_valid,cis,trans,cis_short,cis_long,Total,Mapped,Secondary,Supplementary,Sequenced,Both mapped,Properly paired,Different chrs,Singletons,Capture DP > 10,Capture Average,NotCapture Average,Enrichment Average,Capture DP = 0,NotCapture DP = 0,Libs,Total by lib,Mapped by lib,Non-primary by lib,Both mapped by lib,Singletons by lib,Pair dups,Pair optical dups,Singleton dups,Duplication by lib,Estimated lib size,Местонахождение данных
1,,P1,Санаева,Ma et al.,,128195237,79,18,0,2,23,19993496,15,74,29,70,16,13,,99.15,,,,,,,,14.91,4.56,0.35,13.03,32.27,85.41,,,,,,,,,,5.33,,
2,,P3,Васильева,Ma et al.,,139017591,80,16,0,2,20,30537234,21,65,27,72,13,14,,99.22,,,,,,,,14.34,4.57,0.39,11.72,29,83.47,,,,,,,,,,4.49,,
3,,P4,Долганов ПЕ,Ma et al.,,94349766,87,9,0,2,19,28086792,29,58,48,51,15,33,,99.09,,,,,,,,27.54,7.55,0.63,11.98,5.67,70.1,,,,,,,,,,5.58,,
4,,,—,Hi-C,Bowtie. Не выкладывать! ,147665727,75,14,7,2,14,51240007,34,46,14,85,7,6,,99.26,,,,,,,,23.05,7.67,0.64,11.98,27.44,75.09,,,,,,,,,,6.36,,
5,,P2,Долганов СЕ,Ma et al.,,113726911,86,10,0,2,18,34280550,30,56,40,59,13,26,,99.47,,,,,,,,29.86,8.16,0.54,15.11,13.87,76.89,,,,,,,,,,5.64,,
6,,,—,Ma et al.,,136610279,85,12,0,2,21,28412596,20,68,28,71,14,14,,99.33,,,,,,,,21.8,6.47,0.46,14.07,18.55,80.53,,,,,,,,,,5.26,,
7,,P5,Приходько,Ma et al.,,63930110,79,18,0,2,16,14110002,22,66,23,76,11,12,,99.24,,,,,,,,12.57,4.18,0.37,11.3,31.83,84.47,,,,,,,,,,5.27,,
8,,,—,Ma et al.,,83396199,79,17,0,2,19,15222272,18,71,28,71,13,15,,98.87,,,,,,,,12.56,4.19,0.37,11.32,31.43,84.35,,,,,,,,,,5.74,,
9,,P6,Завьялов Д,Ma et al.,,146425167,81,15,0,2,20,32714878,22,65,27,72,11,16,,99.29,,,,,,,,16.43,5.03,0.41,12.27,26.35,82.18,,,,,,,,,,4.79,,
10,,P8,Нарышкина,Ma et al. + new blunt + SDS,Dnase,59088991,92,5,0,1,28,9987714,16,74,59,40,21,38,,,,,,,,,,,,,,,,,,,,,,,,,,,
12,,P3,Васильева,Ma et al. + new blunt + SDS,Dnase,138769927,89,8,0,1,18,43577438,31,57,34,65,11,23,,,,,,,,,,,,,,,,,,,,,,,,,,,
13,,,—,Mnase long,MNase 0.5 (длинные). Не выкладывать! ,15847105,93,4,0,1,32,400818,2,95,12,87,3,8,,,,,,,,,,,,,,,,,,,,,,,,,,,
14,,P9,Бикмухаметова,Ma et al. + new blunt + SDS,Dnase,121075216,89,8,0,1,20,32397384,26,62,33,66,10,22,,,,,,,,,,,,,,,,,,,,,,,,,,,
15,,,—,Mnase short,MNase 2 (короткие). Не выкладывать ! ,61403140,89,7,0,2,28,10143050,16,74,8,91,2,6,,,,,,,,,,,,,,,,,,,,,,,,,,,
16,,K562,K562,Ma et al. + new blunt + SDS,Dnase,60389488,89,8,0,1,25,16681524,27,58,25,74,9,16,,,,,,,,,,,,,,,,,,,,,,,,,,,
17,2,,—,N/A,2 mesc,1761286,79,19,0,0,7,735384,41,43,47,52,4,43,,,,,,,,,,,,,,,,,,,,,,,,,,,
18,4,,—,Ma et al. + long linker,4 link,492236,84,10,0,4,6,74232,15,80,69,30,21,48,,,,,,,,,,,,,,,,,,,,,,,,,,,
19,5,K562,K562,Classical Hi-C,6 hi-c,3948705,81,16,1,0,6,2314614,58,22,42,57,3,38,,,,,,,,,,,,,,,,,,,,,,,,,,,
20,14,K562,K562,K562 Ma et al. modified lisys,14 hi-c D,1320272,90,7,0,1,7,324706,24,70,69,30,24,45,,,,,,,,,,,,,,,,,,,,,,,,,,,
21,16,,—,N/A,16 mesc,1418422,80,18,0,0,5,507728,35,52,37,62,3,34,,,,,,,,,,,,,,,,,,,,,,,,,,,
22,18,,—,N/A,18 черви,3588447,0,1,0,97,30,144,0,98,16,83,1,15,,,,,,,,,,,,,,,,,,,,,,,,,,,
23,19,,—,Ma et al. + long linker,19 link,909080,86,11,0,1,5,265856,29,64,81,18,22,58,,,,,,,,,,,,,,,,,,,,,,,,,,,
24,1,A549,A549,Ramani et al. + biotin fill-in,,43258,93,4,0,1,6,11874,27,68,80,19,28,52,,,,,,,,,,,,,,,,,,,,,,,,,,,
25,2,A549,A549,Ramani et al. + biotin fill-in,,60310,92,5,0,1,6,20452,33,60,78,21,22,55,,,,,,,,,,,,,,,,,,,,,,,,,,,
26,3,LNCaP,LNCap,Ramani et al. + biotin fill-in,,64269,93,4,0,1,6,21194,32,61,77,22,20,56,,,,,,,,,,,,,,,,,,,,,,,,,,,
27,4,LNCaP,LNCap,Ramani et al. + biotin fill-in,,50962,92,4,0,2,6,14588,28,66,75,24,17,57,,,,,,,,,,,,,,,,,,,,,,,,,,,
28,5l,A549,A549,Romani et al. + Linker,,57139,88,8,0,3,8,27052,47,41,75,24,17,58,,,,,,,,,,,,,,,,,,,,,,,,,,,
29,5s,A549,A549,Romani et al. + Linker,,82932,89,7,0,3,8,35388,42,48,71,28,17,54,,,,,,,,,,,,,,,,,,,,,,,,,,,
30,6,LNCaP,LNCap,Romani et al. + Linker,,53335,89,7,0,3,7,16972,31,61,62,37,13,49,,,,,,,,,,,,,,,,,,,,,,,,,,,
31,1,,—,N/A,Hap1,56304,90,6,0,3,9,32032,56,29,74,25,10,64,,,,,,,,,,,,,,,,,,,,,,,,,,,
32,2,,—,N/A,Hap1,53446,91,5,0,2,8,31108,58,30,74,25,9,64,,,,,,,,,,,,,,,,,,,,,,,,,,,
33,,,—,N/A,single side,21528,89,9,0,1,0,2518,11,86,31,68,26,4,,,,,,,,,,,,,,,,,,,,,,,,,,,
34,,,—,N/A,single side,3611,94,4,0,0,0,564,15,82,76,23,30,45,,,,,,,,,,,,,,,,,,,,,,,,,,,
35,,,—,N/A,single side,3385,93,5,0,1,1,542,16,82,67,32,17,49,,,,,,,,,,,,,,,,,,,,,,,,,,,
36,,,—,N/A,single side,3891,93,4,0,1,1,626,16,83,69,30,24,44,,,,,,,,,,,,,,,,,,,,,,,,,,,
37,,,—,N/A,single side,3922,92,6,0,1,1,626,15,82,62,37,17,45,,,,,,,,,,,,,,,,,,,,,,,,,,,
38,,,—,N/A,single side,5651,91,6,0,1,0,1140,20,78,82,17,30,51,,,,,,,,,,,,,,,,,,,,,,,,,,,
39,,,—,N/A,single side,3449,93,4,0,1,0,550,15,82,70,29,21,48,,,,,,,,,,,,,,,,,,,,,,,,,,,
40,,,—,N/A,single side,3682,93,5,0,1,0,564,15,82,74,25,17,57,,,,,,,,,,,,,,,,,,,,,,,,,,,
41,,P1,Санаева,Ramani et al. + biotin fill-in,Маша,85653932,93,5,0,1,16,25269652,29,62,70,29,23,47,,99.78,,,,,,,,65.87,12.14,6.2,1.96,1.39,10.45,,,,,,,,,,16.68,,
42,,P3,Васильева,Ramani et al. + biotin fill-in,Маша,93873317,93,5,0,0,17,29291930,31,59,70,29,21,49,,99.79,,,,,,,,64.08,11.94,6.77,1.76,1.41,10.09,,,,,,,,,,16.92,,
43,,P5,Приходько,Ramani et al. + biotin fill-in,Маша,81214801,92,5,0,1,16,25096924,30,60,69,30,20,48,,99.77,,,,,,,,54.74,10.71,5.88,1.82,1.38,10.17,,,,,,,,,,16.05,,
44,,P6,Завьялов Д,Ramani et al. + biotin fill-in,Маша,79952262,93,5,0,0,15,26548564,33,58,66,33,17,48,,99.76,,,,,,,,68.56,12.76,5.89,2.17,1.42,10.99,,,,,,,,,,14.95,,
45,,P7,Кройтблат НС,Ramani et al. + biotin fill-in,Маша,117150296,92,5,0,0,17,37332928,31,58,63,36,15,48,,99.82,,,,,,,,81.84,14.98,8.35,1.79,1.31,9.57,,,,,,,,,,16.79,,
46,,P8,Нарышкина,Ramani et al. + biotin fill-in,Маша,83705532,92,5,0,1,15,26662708,31,59,67,32,19,48,,99.75,,,,,,,,72.15,15.23,6.05,2.52,1.74,14.28,,,,,,,,,,15.45,,
47,,P9,Бикмухаметова,Ramani et al. + biotin fill-in,Маша,81685769,92,5,0,1,15,28427050,34,55,65,34,16,48,,99.75,,,,,,,,64.9,12.15,5.93,2.05,1.41,10.62,,,,,,,,,,15.43,,
48,,P10,Ахмедова,Ramani et al. + biotin fill-in,Маша,81936439,92,6,0,1,17,26412868,32,57,62,37,20,42,,99.74,,,,,,,,67.25,13.21,5.76,2.29,1.43,11.83,,,,,,,,,,17.48,,
49,,K562,K562,Ramani et al. + biotin fill-in,,109488829,91,6,0,1,16,41578236,37,50,80,19,25,54,,,,,,,,,,,,,,,,,,,,,,,,,,,
50,,LNCap,LNCap,Ramani et al. + biotin fill-in,,83824050,93,5,0,0,15,27818068,33,57,76,23,20,56,,,,,,,,,,,,,,,,,,,,,,,,,,,
H1_rep1,1,,—,"Ma et al., original",,1000000,87,10,0,1,0,548584,54,36,47,52,15,32,,,,,,,,,,,,,,,,,,,,,,,,,,,
H1_rep2,2,,—,"Ma et al., original",,1000000,84,10,0,4,1,490096,49,41,35,64,11,23,,,,,,,,,,,,,,,,,,,,,,,,,,,
k562_rep1,1,K562,K562,"Ma et al., original",,1000000,89,8,0,1,1,292490,29,67,58,41,28,30,,,,,,,,,,,,,,,,,,,,,,,,,,,
k562_rep2,2,K562,K562,"Ma et al., original",,1000000,71,13,0,14,1,210260,21,70,50,49,24,25,,,,,,,,,,,,,,,,,,,,,,,,,,,
51,,,—,"Lysis by Romani et al., bridges by Ma et al.",,221917,85,12,0,2,11,100252,45,40,67,32,15,52,,,,,,,,,,,,,,,,,,,,,,,,,,,
52,,TAF3,,Ramani et al. + biotin fill-in,,94076,92,5,0,0,0,31562,33,63,75,24,22,53,,,,,,,,,,,,,,,,,,,,,,,,,,,
53,,TAF9,,Ramani et al. + biotin fill-in,,94672,94,4,0,0,0,28712,30,67,81,18,27,53,,,,,,,,,,,,,,,,,,,,,,,,,,,
54,,P31,Балахонцев АМ,Ramani et al. + biotin fill-in,,95668,94,4,0,0,0,27484,28,69,69,30,19,49,,,,,,,,,,,,,,,,,,,,,,,,,,,
,,K562,K562,Ma et al.,PE,63930110,84,12,0,0,6,31577056,49,37,30,69,17,12,,,,,,,,,,,,,,,,,,,,,,,,,,,
,,K562,K562,Ma et al.,WGS,63930110,90,7,0,0,35,12696592,19,65,58,41,29,28,,,,,,,,,,,,,,,,,,,,,,,,,,,
,1,,—,Ramani et al.,,63930110,81,16,0,0,56,12869620,20,39,88,11,53,35,,,,,,,,,,,,,,,,,,,,,,,,,,,
,,,—,Ramani et al. + biotin fill-in,,63930110,93,5,0,0,17,21005828,32,57,62,37,20,42,,,,,,,,,,,,,,,,,,,,,,,,,,,
55,2,P26,Керн ГА,Ramani et al. + biotin fill-in,,226147,84,12,0,0,0,71074,31,62,69,30,19,49,,,,,,,,,,0,0.02,0.01,1.78,98.39,99.11,,,,,,,,,,,,
56,4,P37,Безрукова М,Ramani et al. + biotin fill-in,,192098,85,11,0,0,0,43296,22,73,52,47,14,37,,,,,,,,,,0,0.02,0.01,2.21,98.27,99.22,,,,,,,,,,,,
57,5,P38,Безрукова Р,Ramani et al. + biotin fill-in,,196582,84,12,0,0,0,49758,25,69,55,44,16,39,,,,,,,,,,0,0.02,0.01,2.45,98.08,99.22,,,,,,,,,,,,
58,6,P39,Крестинин,Ramani et al. + biotin fill-in,,229129,84,12,0,0,0,69752,30,64,71,28,19,51,,,,,,,,,,0,0.02,0.01,1.63,98.5,99.08,,,,,,,,,,,,
59,7,P40,Слепцова,Ramani et al. + biotin fill-in,,173763,83,13,0,0,0,47634,27,67,59,40,14,45,,,,,,,,,,0,0.01,0.01,1.85,98.72,99.31,,,,,,,,,,,,
60,12,TAF4,,Ramani et al. + biotin fill-in,,205824,84,12,0,0,0,63694,30,63,77,22,27,50,,,,,,,,,,0,0.02,0.01,1.78,98.53,99.18,,,,,,,,,,,,
61,13,TAF3,,Ramani et al. + biotin fill-in,,206484,83,13,0,0,0,60368,29,64,77,22,23,54,,,,,,,,,,0,0.01,0.01,1.42,98.84,99.19,,,,,,,,,,,,
62,14,TAF9,,Ramani et al. + biotin fill-in,,228706,85,11,0,0,0,62842,27,67,83,16,28,55,,,,,,,,,,0,0.02,0.01,1.57,98.53,99.07,,,,,,,,,,,,
63,15,P35,Аминов ИР,Ramani et al. + biotin fill-in,,224492,84,11,0,0,0,58324,25,69,68,31,19,48,,,,,,,,,,0,0.02,0.01,1.62,98.54,99.1,,,,,,,,,,,,
64,16,P32,Новокшонова ЮС,Ramani et al. + biotin fill-in,,221387,85,11,0,0,0,61258,27,67,72,27,21,50,,,,,,,,,,0,0.01,0.01,1.62,98.56,99.11,,,,,,,,,,,,
65,18,P31,Балахонцев АМ,Ramani et al. + biotin fill-in,,198452,85,11,0,0,0,50976,25,69,70,29,20,50,,,,,,,,,,0,0.01,0.01,1.58,98.73,99.2,,,,,,,,,,,,
66,19,P36,Шевелев ИИ,gDNA,,124587,88,7,0,0,0,668,0,99,29,70,8,21,,,,,,,,,,0,0.01,0.01,1.91,98.99,99.48,,,,,,,,,,,,
67,,P23,Михайлин АН,Ramani et al. + biotin fill-in,,352428,90,6,0,0,0,63960,18,79,68,31,19,48,,,,,,,,,,0,0.1,0.03,3.58,92.24,97.8,,,,,,,,,,,,
68,2,P26,Керн ГА,Ramani et al. + biotin fill-in,,228760,90,6,0,0,0,87308,38,57,67,32,18,48,,,,,,,,,,0,0.06,0.02,3.3,95.39,98.59,,,,,,,,,,,,
69,16,P32,Новокшонова ЮС,Ramani et al. + biotin fill-in,,222271,91,6,0,0,0,76600,34,61,70,29,20,50,,,,,,,,,,0,0.05,0.02,2.95,95.87,98.59,,,,,,,,,,,,
70,15,P35,Аминов ИР,Ramani et al. + biotin fill-in,,219975,92,5,0,0,0,71228,32,64,66,33,18,48,,,,,,,,,,0,0.05,0.02,2.89,95.84,98.56,,,,,,,,,,,,
71,19,P36,Шевелев ИИ,gDNA,,122116,91,5,0,0,0,1432,1,98,26,73,8,18,,,,,,,,,,0,0.04,0.01,4.28,96.56,99.2,,,,,,,,,,,,
72,4,P37,Безрукова М,Ramani et al. + biotin fill-in,,195220,92,5,0,0,0,55558,28,69,50,49,14,36,,,,,,,,,,0,0.07,0.02,4.32,94.53,98.71,,,,,,,,,,,,
73,6,P39,Крестинин,Ramani et al. + biotin fill-in,,208902,91,5,0,0,0,77240,36,59,69,30,18,50,,,,,,,,,,0,0.05,0.02,3.01,96.06,98.69,,,,,,,,,,,,
74,7,P40,Слепцова,Ramani et al. + biotin fill-in,,183504,90,6,0,0,0,62892,34,62,58,41,13,44,,,,,,,,,,0,0.05,0.02,3.46,95.92,98.81,,,,,,,,,,,,
75,13,TAF3,,Ramani et al. + biotin fill-in,,207417,91,6,0,0,0,77196,37,58,76,23,22,53,,,,,,,,,,0,0.05,0.02,2.64,96.41,98.64,,,,,,,,,,,,
76,12,TAF4,,Ramani et al. + biotin fill-in,,195711,90,6,0,0,0,74104,37,57,76,23,26,49,,,,,,,,,,0,0.05,0.02,3.36,95.79,98.74,,,,,,,,,,,,
77,14,TAF9,,Ramani et al. + biotin fill-in,,235047,93,5,0,0,0,82112,34,62,82,17,27,54,,,,,,,,,,0,0.06,0.02,2.76,95.53,98.38,,,,,,,,,,,,
78,13,TAF3,,Ramani et al. + biotin fill-in,,26119,92,6,0,0,0,7742,29,68,74,25,26,47,,,,,,,,,,0,0.08,0,79.4,94.27,99.92,,,,,,,,,,,,
79,12,TAF4,,Ramani et al. + biotin fill-in,,25024,93,6,0,0,0,7428,29,68,76,23,31,45,,,,,,,,,,0,0.08,0,85.56,94.33,99.92,,,,,,,,,,,,
80,14,TAF9,,Ramani et al. + biotin fill-in,,28532,94,5,0,0,0,7158,25,73,82,17,31,51,,,,,,,,,,0,0.09,0,83.28,93.32,99.91,,,,,,,,,,,,
81,2,P26,Керн ГА,Ramani et al. + biotin fill-in,,31761,93,5,0,0,0,8680,27,70,68,31,21,47,,,,,,,,,,0,0.1,0,89.5,92.93,99.91,,,,,,,,,,,,
82,16,P32,Новокшонова ЮС,Ramani et al. + biotin fill-in,,28805,94,5,0,0,0,6850,23,74,71,28,22,49,,,,,,,,,,0,0.09,0,86.08,93.55,99.91,,,,,,,,,,,,
83,15,P35,Аминов ИР,Ramani et al. + biotin fill-in,,30207,93,5,0,0,0,6502,21,77,68,31,21,47,,,,,,,,,,0,0.1,0,87.59,93.14,99.91,,,,,,,,,,,,
84,19,P36,Шевелев ИИ,gDNA,,27286,94,4,0,0,0,56,0,99,46,53,14,32,,,,,,,,,,0,0.1,0,103.07,93.02,99.92,,,,,,,,,,,,
85,4,P37,Безрукова М,Ramani et al. + biotin fill-in,,31708,93,5,0,0,0,6628,20,77,52,47,16,36,,,,,,,,,,0,0.11,0,92.88,92.46,99.9,,,,,,,,,,,,
86,6,P39,Крестинин,Ramani et al. + biotin fill-in,,29126,94,5,0,0,0,7644,26,72,72,27,22,50,,,,,,,,,,0,0.09,0,87.36,93.47,99.92,,,,,,,,,,,,
87,7,P40,Слепцова,Ramani et al. + biotin fill-in,,22293,93,5,0,0,0,5552,24,73,61,38,17,44,,,,,,,,,,0,0.07,0,88.83,94.76,99.93,,,,,,,,,,,,
88,18,P31,Балахонцев АМ,Ramani et al. + biotin fill-in,,29276,93,5,0,0,0,6062,20,77,69,30,21,48,,,,,,,,,,0,0.09,0,88.67,93.29,99.91,,,,,,,,,,,,
89,5,P38,Безрукова Р,Ramani et al. + biotin fill-in,,34017,93,5,0,0,0,8338,24,73,57,42,19,38,,,,,,,,,,0,0.11,0,94.63,92.02,99.9,,,,,,,,,,,,
90,,P26,Керн ГА,,,44618032,93,5,0,0,4,12354042,27,68,69,30,21,48,,,,,,,,,,,,,,,,,,,,,,,,,,,
91,,P31,Балахонцев АМ,,,33392522,94,4,0,0,3,7305974,21,75,70,29,22,48,,,,,,,,,,,,,,,,,,,,,,,,,,,
92,,P32,Новокшонова ЮС,,,31850565,94,5,0,0,3,7737136,24,73,72,27,22,50,,,,,,,,,,,,,,,,,,,,,,,,,,,
93,,P35,Аминов ИР,,,38415716,93,5,0,0,4,8520252,22,75,68,31,20,47,,,,,,,,,,,,,,,,,,,,,,,,,,,
94,,P36,Шевелев ИИ,,,37163417,94,4,0,0,4,165542,0,99,49,50,15,33,,,,,,,,,,,,,,,,,,,,,,,,,,,
95,,P37,Безрукова М,,,50365354,93,5,0,0,4,10539758,20,76,53,46,16,36,,,,,,,,,,,,,,,,,,,,,,,,,,,
96,,P38,Безрукова Р,,,51605033,93,5,0,0,4,12728464,24,72,57,42,18,39,,,,,,,,,,,,,,,,,,,,,,,,,,,
97,,P39,Крестинин,,,39255360,94,5,0,0,4,10347472,26,70,72,27,22,50,,,,,,,,,,,,,,,,,,,,,,,,,,,
98,,P40,Слепцова,,,37048863,93,5,0,0,4,9287680,25,71,61,38,16,45,,,,,,,,,,,,,,,,,,,,,,,,,,,
99,,TAF3,,,,34568455,92,6,0,0,5,9950758,28,67,75,24,25,49,,,,,,,,,,,,,,,,,,,,,,,,,,,
100,,TAF4,,,,31740599,93,6,0,0,4,9353468,29,66,76,23,30,45,,,,,,,,,,,,,,,,,,,,,,,,,,,
101,,TAF9,,,,37631195,94,4,0,0,4,9001544,23,73,82,17,31,50,,,,,,,,,,,,,,,,,,,,,,,,,,,
102,,K562,K562,,"K562D, CGATGT",245659,92,6,0,0,0,100576,40,55,81,18,27,53,,,,,,,,,,,,,,,,,,,,,,,,,,,
103,,K562,K562,,"K562DS, TGACCA",239170,91,7,0,0,0,148838,62,31,80,19,25,54,,,,,,,,,,,,,,,,,,,,,,,,,,,
104,,K562,K562,,"K562S, ACAGTG",157850,92,5,0,0,0,74576,47,49,86,13,29,56,,,,,,,,,,,,,,,,,,,,,,,,,,,
105,,,—,,"MN2, CGTACGTA",162110,92,5,0,0,0,36946,22,75,18,81,6,11,,,,,,,,,,,,,,,,,,,,,,,,,,,
106,,,—,,"MN3, ATTCCTTT",133505,92,5,0,0,0,28194,21,77,19,80,7,12,,,,,,,,,,,,,,,,,,,,,,,,,,,
,,,—,,,,,,,,,,,,,,,,,,,,,,,,,,,,,,,,,,,,,,,,,,
,,,—,,,,,,,,,,,,,,,,,,,,,,,,,,,,,,,,,,,,,,,,,,
,,,—,,,,,,,,,,,,,,,,,,,,,,,,,,,,,,,,,,,,,,,,,,
,,,—,,,,,,,,,,,,,,,,,,,,,,,,,,,,,,,,,,,,,,,,,,
,,,—,,,,,,,,,,,,,,,,,,,,,,,,,,,,,,,,,,,,,,,,,,
,,,—,,,,,,,,,,,,,,,,,,,,,,,,,,,,,,,,,,,,,,,,,,
,,,—,,,,,,,,,,,,,,,,,,,,,,,,,,,,,,,,,,,,,,,,,,
,,,—,,,,,,,,,,,,,,,,,,,,,,,,,,,,,,,,,,,,,,,,,,
,,,—,,,,,,,,,,,,,,,,,,,,,,,,,,,,,,,,,,,,,,,,,,
,,,—,,,,,,,,,,,,,,,,,,,,,,,,,,,,,,,,,,,,,,,,,,
,,,—,,,,,,,,,,,,,,,,,,,,,,,,,,,,,,,,,,,,,,,,,,
,,,—,,,,,,,,,,,,,,,,,,,,,,,,,,,,,,,,,,,,,,,,,,
,,,—,,,,,,,,,,,,,,,,,,,,,,,,,,,,,,,,,,,,,,,,,,
,,,—,,,,,,,,,,,,,,,,,,,,,,,,,,,,,,,,,,,,,,,,,,
,,,—,,,,,,,,,,,,,,,,,,,,,,,,,,,,,,,,,,,,,,,,,,
,,,—,,,,,,,,,,,,,,,,,,,,,,,,,,,,,,,,,,,,,,,,,,
,,,—,,,,,,,,,,,,,,,,,,,,,,,,,,,,,,,,,,,,,,,,,,
,,,—,,,,,,,,,,,,,,,,,,,,,,,,,,,,,,,,,,,,,,,,,,
,,,—,,,,,,,,,,,,,,,,,,,,,,,,,,,,,,,,,,,,,,,,,,
,,,—,,,,,,,,,,,,,,,,,,,,,,,,,,,,,,,,,,,,,,,,,,
,,,—,,,,,,,,,,,,,,,,,,,,,,,,,,,,,,,,,,,,,,,,,,
,,,—,,,,,,,,,,,,,,,,,,,,,,,,,,,,,,,,,,,,,,,,,,
,,,—,,,,,,,,,,,,,,,,,,,,,,,,,,,,,,,,,,,,,,,,,,
,,,—,,,,,,,,,,,,,,,,,,,,,,,,,,,,,,,,,,,,,,,,,,
,,,—,,,,,,,,,,,,,,,,,,,,,,,,,,,,,,,,,,,,,,,,,,
,,,—,,,,,,,,,,,,,,,,,,,,,,,,,,,,,,,,,,,,,,,,,,
,,,—,,,,,,,,,,,,,,,,,,,,,,,,,,,,,,,,,,,,,,,,,,
,,,—,,,,,,,,,,,,,,,,,,,,,,,,,,,,,,,,,,,,,,,,,,
,,,—,,,,,,,,,,,,,,,,,,,,,,,,,,,,,,,,,,,,,,,,,,
,,,—,,,,,,,,,,,,,,,,,,,,,,,,,,,,,,,,,,,,,,,,,,
,,,—,,,,,,,,,,,,,,,,,,,,,,,,,,,,,,,,,,,,,,,,,,
,,,—,,,,,,,,,,,,,,,,,,,,,,,,,,,,,,,,,,,,,,,,,,
,,,—,,,,,,,,,,,,,,,,,,,,,,,,,,,,,,,,,,,,,,,,,,
,,,—,,,,,,,,,,,,,,,,,,,,,,,,,,,,,,,,,,,,,,,,,,
,,,—,,,,,,,,,,,,,,,,,,,,,,,,,,,,,,,,,,,,,,,,,,
,,,—,,,,,,,,,,,,,,,,,,,,,,,,,,,,,,,,,,,,,,,,,,
,,,—,,,,,,,,,,,,,,,,,,,,,,,,,,,,,,,,,,,,,,,,,,
,,,—,,,,,,,,,,,,,,,,,,,,,,,,,,,,,,,,,,,,,,,,,,
,,,—,,,,,,,,,,,,,,,,,,,,,,,,,,,,,,,,,,,,,,,,,,
,,,—,,,,,,,,,,,,,,,,,,,,,,,,,,,,,,,,,,,,,,,,,,
,,,—,,,,,,,,,,,,,,,,,,,,,,,,,,,,,,,,,,,,,,,,,,
,,,—,,,,,,,,,,,,,,,,,,,,,,,,,,,,,,,,,,,,,,,,,,
,,,—,,,,,,,,,,,,,,,,,,,,,,,,,,,,,,,,,,,,,,,,,,
,,,—,,,,,,,,,,,,,,,,,,,,,,,,,,,,,,,,,,,,,,,,,,
,,,—,,,,,,,,,,,,,,,,,,,,,,,,,,,,,,,,,,,,,,,,,,
,,,—,,,,,,,,,,,,,,,,,,,,,,,,,,,,,,,,,,,,,,,,,,
,,,—,,,,,,,,,,,,,,,,,,,,,,,,,,,,,,,,,,,,,,,,,,
,,,—,,,,,,,,,,,,,,,,,,,,,,,,,,,,,,,,,,,,,,,,,,
,,,—,,,,,,,,,,,,,,,,,,,,,,,,,,,,,,,,,,,,,,,,,,
,,,—,,,,,,,,,,,,,,,,,,,,,,,,,,,,,,,,,,,,,,,,,,
,,,—,,,,,,,,,,,,,,,,,,,,,,,,,,,,,,,,,,,,,,,,,,
,,,—,,,,,,,,,,,,,,,,,,,,,,,,,,,,,,,,,,,,,,,,,,
,,,—,,,,,,,,,,,,,,,,,,,,,,,,,,,,,,,,,,,,,,,,,,
,,,—,,,,,,,,,,,,,,,,,,,,,,,,,,,,,,,,,,,,,,,,,,
,,,—,,,,,,,,,,,,,,,,,,,,,,,,,,,,,,,,,,,,,,,,,,
,,,—,,,,,,,,,,,,,,,,,,,,,,,,,,,,,,,,,,,,,,,,,,
,,,—,,,,,,,,,,,,,,,,,,,,,,,,,,,,,,,,,,,,,,,,,,
,,,—,,,,,,,,,,,,,,,,,,,,,,,,,,,,,,,,,,,,,,,,,,
,,,—,,,,,,,,,,,,,,,,,,,,,,,,,,,,,,,,,,,,,,,,,,
,,,—,,,,,,,,,,,,,,,,,,,,,,,,,,,,,,,,,,,,,,,,,,
,,,—,,,,,,,,,,,,,,,,,,,,,,,,,,,,,,,,,,,,,,,,,,
,,,—,,,,,,,,,,,,,,,,,,,,,,,,,,,,,,,,,,,,,,,,,,
,,,—,,,,,,,,,,,,,,,,,,,,,,,,,,,,,,,,,,,,,,,,,,
,,,—,,,,,,,,,,,,,,,,,,,,,,,,,,,,,,,,,,,,,,,,,,
,,,—,,,,,,,,,,,,,,,,,,,,,,,,,,,,,,,,,,,,,,,,,,
,,,—,,,,,,,,,,,,,,,,,,,,,,,,,,,,,,,,,,,,,,,,,,
,,,—,,,,,,,,,,,,,,,,,,,,,,,,,,,,,,,,,,,,,,,,,,
,,,—,,,,,,,,,,,,,,,,,,,,,,,,,,,,,,,,,,,,,,,,,,
,,,—,,,,,,,,,,,,,,,,,,,,,,,,,,,,,,,,,,,,,,,,,,
,,,—,,,,,,,,,,,,,,,,,,,,,,,,,,,,,,,,,,,,,,,,,,
,,,—,,,,,,,,,,,,,,,,,,,,,,,,,,,,,,,,,,,,,,,,,,
,,,—,,,,,,,,,,,,,,,,,,,,,,,,,,,,,,,,,,,,,,,,,,
,,,—,,,,,,,,,,,,,,,,,,,,,,,,,,,,,,,,,,,,,,,,,,
,,,—,,,,,,,,,,,,,,,,,,,,,,,,,,,,,,,,,,,,,,,,,,
,,,—,,,,,,,,,,,,,,,,,,,,,,,,,,,,,,,,,,,,,,,,,,
,,,—,,,,,,,,,,,,,,,,,,,,,,,,,,,,,,,,,,,,,,,,,,
,,,—,,,,,,,,,,,,,,,,,,,,,,,,,,,,,,,,,,,,,,,,,,
,,,—,,,,,,,,,,,,,,,,,,,,,,,,,,,,,,,,,,,,,,,,,,
,,,—,,,,,,,,,,,,,,,,,,,,,,,,,,,,,,,,,,,,,,,,,,
,,,—,,,,,,,,,,,,,,,,,,,,,,,,,,,,,,,,,,,,,,,,,,
,,,—,,,,,,,,,,,,,,,,,,,,,,,,,,,,,,,,,,,,,,,,,,
,,,—,,,,,,,,,,,,,,,,,,,,,,,,,,,,,,,,,,,,,,,,,,
,,,—,,,,,,,,,,,,,,,,,,,,,,,,,,,,,,,,,,,,,,,,,,
,,,—,,,,,,,,,,,,,,,,,,,,,,,,,,,,,,,,,,,,,,,,,,
,,,—,,,,,,,,,,,,,,,,,,,,,,,,,,,,,,,,,,,,,,,,,,
,,,—,,,,,,,,,,,,,,,,,,,,,,,,,,,,,,,,,,,,,,,,,,
